<?xml version="1.0" encoding="utf-8" standalone="yes"?>
<rss version="2.0" xmlns:atom="http://www.w3.org/2005/Atom">
  <channel>
    <title>Startseite on Adeptus Academicus</title>
    <link>https://adeptusacademicus.infinityfree.me/site/</link>
    <description>Recent content in Startseite on Adeptus Academicus</description>
    <generator>Hugo</generator>
    <language>de-DE</language>
    <atom:link href="https://adeptusacademicus.infinityfree.me/site/index.xml" rel="self" type="application/rss+xml" />
    <item>
      <title>1-tägiger Abschlussarbeits-Workshop</title>
      <link>https://adeptusacademicus.infinityfree.me/site/angebot/workshop/</link>
      <pubDate>Mon, 01 Jan 0001 00:00:00 +0000</pubDate>
      <guid>https://adeptusacademicus.infinityfree.me/site/angebot/workshop/</guid>
      <description>&lt;h2 id=&#34;worum-geht-es&#34;&gt;Worum geht es?&lt;/h2&gt;&#xA;&lt;p&gt;Ein kompakter Workshop (1 Tag), der Ihnen die &lt;strong&gt;wichtigsten Grundlagen&lt;/strong&gt; für eine erfolgreiche Abschlussarbeit vermittelt und direkt auf Ihr Thema anwendet: von der klaren Forschungsfrage über Gliederung und Methodik bis zu Zitierlogik, Stil und Arbeitsorganisation. Ziel ist, dass Sie am Ende des Tages mit &lt;strong&gt;klaren nächsten Schritten&lt;/strong&gt; und einem realistischen Plan in die Schreibphase starten.&lt;/p&gt;&#xA;&lt;blockquote&gt;&#xA;&lt;p&gt;Hier Preisvorstellung einfügen.&lt;/p&gt;&#xA;&lt;/blockquote&gt;&#xA;&#xA;&#xA;&#xA;&#xA;&#xA;&lt;div class=&#34;card-panel aa-cta-inline z-depth-1&#34;&gt;&#xA;  &lt;div class=&#34;row&#34; style=&#34;margin-bottom:0&#34;&gt;&#xA;    &lt;div class=&#34;col s12 m8&#34;&gt;&#xA;      &lt;div class=&#34;aa-cta-inline__title&#34;&gt;Workshop anfragen&lt;/div&gt;&#xA;      &lt;div class=&#34;grey-text text-darken-2&#34;&gt;Nennen Sie Thema, Fachbereich und Deadline – wir schlagen passende Terminoptionen und einen konkreten Ablauf vor.&lt;/div&gt;&#xA;    &lt;/div&gt;&#xA;    &lt;div class=&#34;col s12 m4 aa-cta-inline__btn&#34;&gt;&#xA;      &lt;a class=&#34;btn aa-btn-primary right&#34; href=&#34;https://adeptusacademicus.infinityfree.me/site/kontakt/&#34;&gt;Kontakt&lt;/a&gt;&#xA;    &lt;/div&gt;&#xA;  &lt;/div&gt;&#xA;&lt;/div&gt;</description>
    </item>
    <item>
      <title>Betreuer werden</title>
      <link>https://adeptusacademicus.infinityfree.me/site/betreuer/</link>
      <pubDate>Mon, 01 Jan 0001 00:00:00 +0000</pubDate>
      <guid>https://adeptusacademicus.infinityfree.me/site/betreuer/</guid>
      <description></description>
    </item>
    <item>
      <title>Datenschutz</title>
      <link>https://adeptusacademicus.infinityfree.me/site/datenschutz/</link>
      <pubDate>Mon, 01 Jan 0001 00:00:00 +0000</pubDate>
      <guid>https://adeptusacademicus.infinityfree.me/site/datenschutz/</guid>
      <description>&lt;p&gt;Platzhalter: Ergänzen Sie hier Ihre Datenschutzerklärung.&lt;/p&gt;</description>
    </item>
    <item>
      <title>Impressum</title>
      <link>https://adeptusacademicus.infinityfree.me/site/impressum/</link>
      <pubDate>Mon, 01 Jan 0001 00:00:00 +0000</pubDate>
      <guid>https://adeptusacademicus.infinityfree.me/site/impressum/</guid>
      <description>&lt;p&gt;&lt;strong&gt;Adeptus Academicus&lt;/strong&gt;&lt;br&gt;&#xA;Musterstraße 1&lt;br&gt;&#xA;10115 Berlin&lt;/p&gt;&#xA;&lt;p&gt;E-Mail: &lt;a href=&#34;mailto:hello@example.com&#34;&gt;hello@example.com&lt;/a&gt;&lt;/p&gt;</description>
    </item>
    <item>
      <title>Individuelles Coaching</title>
      <link>https://adeptusacademicus.infinityfree.me/site/angebot/statistik-beratung/</link>
      <pubDate>Mon, 01 Jan 0001 00:00:00 +0000</pubDate>
      <guid>https://adeptusacademicus.infinityfree.me/site/angebot/statistik-beratung/</guid>
      <description>&lt;h2 id=&#34;typische-fragestellungen&#34;&gt;Typische Fragestellungen&lt;/h2&gt;&#xA;&lt;p&gt;Wie bringe ich meine Argumentation in eine klare, überzeugende Struktur?&lt;br&gt;&#xA;Wie formuliere ich präzise und wissenschaftlich, ohne unnötig kompliziert zu schreiben?&lt;br&gt;&#xA;Wie plane ich den Schreibprozess so, dass ich fristgerecht fertig werde?&lt;/p&gt;&#xA;&#xA;&#xA;&#xA;&#xA;&#xA;&lt;div class=&#34;card-panel aa-cta-inline z-depth-1&#34;&gt;&#xA;  &lt;div class=&#34;row&#34; style=&#34;margin-bottom:0&#34;&gt;&#xA;    &lt;div class=&#34;col s12 m8&#34;&gt;&#xA;      &lt;div class=&#34;aa-cta-inline__title&#34;&gt;Beratung buchen&lt;/div&gt;&#xA;      &lt;div class=&#34;grey-text text-darken-2&#34;&gt;Beschreiben Sie Thema, Zielpublikum und Ihren aktuellen Stand – wir unterstützen Sie dabei, Argumentation und Struktur zu schärfen und Ihren Schreibprozess planbar umzusetzen.&lt;/div&gt;&#xA;    &lt;/div&gt;&#xA;    &lt;div class=&#34;col s12 m4 aa-cta-inline__btn&#34;&gt;&#xA;      &lt;a class=&#34;btn aa-btn-primary right&#34; href=&#34;https://adeptusacademicus.infinityfree.me/site/kontakt/&#34;&gt;Kontakt&lt;/a&gt;&#xA;    &lt;/div&gt;&#xA;  &lt;/div&gt;&#xA;&lt;/div&gt;</description>
    </item>
    <item>
      <title>KI-Hinweis: Verantwortungsvolle Nutzung</title>
      <link>https://adeptusacademicus.infinityfree.me/site/ki-hinweis/</link>
      <pubDate>Mon, 01 Jan 0001 00:00:00 +0000</pubDate>
      <guid>https://adeptusacademicus.infinityfree.me/site/ki-hinweis/</guid>
      <description>&lt;h2 id=&#34;ki-kann-helfen--aber-nicht-ohne-risiken&#34;&gt;KI kann helfen – aber nicht ohne Risiken&lt;/h2&gt;&#xA;&lt;p&gt;KI-Tools (z. B. ChatGPT) sind nützlich für Ideen, Gliederungen oder sprachliche Varianten. Problematisch wird es, wenn KI ungeprüft Inhalte behauptet, Quellen erfindet oder in Prüfungskontexten eingesetzt wird, in denen Transparenz gefordert ist.&lt;/p&gt;&#xA;&lt;h3 id=&#34;typische-risiken&#34;&gt;Typische Risiken&lt;/h3&gt;&#xA;&lt;ul&gt;&#xA;&lt;li&gt;&lt;strong&gt;Halluzinationen&lt;/strong&gt; (plausibel klingende, aber falsche Fakten)&lt;/li&gt;&#xA;&lt;li&gt;&lt;strong&gt;Scheinquellen&lt;/strong&gt; (erfundene Literatur/DOIs)&lt;/li&gt;&#xA;&lt;li&gt;&lt;strong&gt;Plagiats- und Compliance-Risiken&lt;/strong&gt; (unklare Eigenleistung)&lt;/li&gt;&#xA;&lt;li&gt;&lt;strong&gt;Stilverlust&lt;/strong&gt; (generische Formulierungen)&lt;/li&gt;&#xA;&lt;/ul&gt;&#xA;&lt;h2 id=&#34;unser-ansatz&#34;&gt;Unser Ansatz&lt;/h2&gt;&#xA;&lt;p&gt;Wir unterstützen Sie dabei, KI als Werkzeug zu nutzen – und sorgen mit menschlicher Erfahrung, gesundem Menschenverstand und Empathie für Qualität und Sicherheit.&lt;/p&gt;</description>
    </item>
    <item>
      <title>Kontakt</title>
      <link>https://adeptusacademicus.infinityfree.me/site/kontakt/</link>
      <pubDate>Mon, 01 Jan 0001 00:00:00 +0000</pubDate>
      <guid>https://adeptusacademicus.infinityfree.me/site/kontakt/</guid>
      <description>&lt;p class=&#34;grey-text text-darken-2&#34; style=&#34;margin-top:0&#34;&gt;&#xA;  Unser Team beantwortet Ihnen gerne alle Ihre Fragen.&#xA;&lt;/p&gt;&#xA;&#xA;&lt;div class=&#34;row aa-contact-row&#34;&gt;&#xA;&#xA;  &lt;!-- 1 --&gt;&#xA;  &lt;div class=&#34;col s12 m6 l3&#34;&gt;&#xA;    &lt;div class=&#34;card aa-card&#34;&gt;&#xA;      &lt;div class=&#34;card-content&#34;&gt;&#xA;        &lt;span class=&#34;card-title aa-card__title&#34;&gt;&#xA;          &lt;i class=&#34;material-icons left&#34;&gt;mail&lt;/i&gt;E-Mail&#xA;        &lt;/span&gt;&#xA;&#xA;        &lt;p class=&#34;grey-text text-darken-2&#34; style=&#34;margin-top:0&#34;&gt;&#xA;          Der schnellste Weg. Bitte senden Sie uns eine kurze Nachricht mit den wichtigsten Informationen.&#xA;        &lt;/p&gt;&#xA;&#xA;        &lt;ul class=&#34;aa-list&#34;&gt;&#xA;          &lt;li&gt;&#xA;            &lt;i class=&#34;material-icons&#34;&gt;check&lt;/i&gt;&#xA;            &lt;span class=&#34;aa-list__text&#34;&gt;&#xA;              &lt;strong&gt;E-Mail:&lt;/strong&gt; &lt;a href=&#34;mailto:hello@example.com&#34;&gt;hello@example.com&lt;/a&gt;&#xA;            &lt;/span&gt;&#xA;          &lt;/li&gt;&#xA;          &lt;li&gt;&#xA;            &lt;i class=&#34;material-icons&#34;&gt;check&lt;/i&gt;&#xA;            &lt;span class=&#34;aa-list__text&#34;&gt;&#xA;              &lt;strong&gt;Antwortzeit:&lt;/strong&gt; i. d. R. innerhalb von 24 Stunden (werktags)&#xA;            &lt;/span&gt;&#xA;          &lt;/li&gt;&#xA;        &lt;/ul&gt;&#xA;      &lt;/div&gt;&#xA;&#xA;      &lt;div class=&#34;card-action&#34;&gt;&#xA;        &lt;a class=&#34;btn aa-btn-primary&#34; href=&#34;mailto:hello@example.com&#34;&gt;E-Mail schreiben&lt;/a&gt;&#xA;      &lt;/div&gt;&#xA;    &lt;/div&gt;&#xA;  &lt;/div&gt;&#xA;&#xA;  &lt;!-- 2 --&gt;&#xA;  &lt;div class=&#34;col s12 m6 l3&#34;&gt;&#xA;    &lt;div class=&#34;card aa-card&#34;&gt;&#xA;      &lt;div class=&#34;card-content&#34;&gt;&#xA;        &lt;span class=&#34;card-title aa-card__title&#34;&gt;&#xA;          &lt;i class=&#34;material-icons left&#34;&gt;call&lt;/i&gt;WhatsApp &amp;amp; Telefon&#xA;        &lt;/span&gt;&#xA;&#xA;        &lt;p class=&#34;grey-text text-darken-2&#34; style=&#34;margin-top:0&#34;&gt;&#xA;          Wenn Ihnen E-Mail zu umständlich ist, schreiben Sie uns gerne per WhatsApp oder rufen Sie uns zu unseren Sprechzeiten an.&#xA;        &lt;/p&gt;</description>
    </item>
    <item>
      <title>Login</title>
      <link>https://adeptusacademicus.infinityfree.me/site/login/</link>
      <pubDate>Mon, 01 Jan 0001 00:00:00 +0000</pubDate>
      <guid>https://adeptusacademicus.infinityfree.me/site/login/</guid>
      <description>&lt;div class=&#34;row&#34;&gt;&#xA;  &lt;div class=&#34;col s12 m6&#34;&gt;&#xA;    &lt;div class=&#34;card aa-card&#34;&gt;&#xA;      &lt;div class=&#34;card-content&#34;&gt;&#xA;        &lt;span class=&#34;card-title aa-card__title&#34;&gt;&lt;i class=&#34;material-icons left&#34;&gt;lock&lt;/i&gt;Login&lt;/span&gt;&#xA;        &lt;p class=&#34;grey-text text-darken-2&#34;&gt;&#xA;          &#xA;            Diese Seite ist aktuell eine &lt;strong&gt;statische Demo&lt;/strong&gt;. Später kann hier echte Authentifizierung (z. B. Auth0, Firebase, Keycloak) angebunden werden.&#xA;          &#xA;        &lt;/p&gt;&#xA;&#xA;        &lt;form&gt;&#xA;          &lt;div class=&#34;row&#34;&gt;&#xA;            &lt;div class=&#34;input-field col s12&#34;&gt;&#xA;              &lt;input id=&#34;login_email&#34; type=&#34;email&#34; required&gt;&#xA;              &lt;label for=&#34;login_email&#34;&gt;E‑Mail&lt;/label&gt;&#xA;            &lt;/div&gt;&#xA;            &lt;div class=&#34;input-field col s12&#34;&gt;&#xA;              &lt;input id=&#34;login_password&#34; type=&#34;password&#34; required&gt;&#xA;              &lt;label for=&#34;login_password&#34;&gt;Passwort&lt;/label&gt;&#xA;            &lt;/div&gt;&#xA;          &lt;/div&gt;&#xA;&#xA;          &lt;button class=&#34;btn aa-btn-primary&#34; type=&#34;button&#34; onclick=&#34;M.toast({html: &#39;Demo: Keine echte Anmeldung konfiguriert.&#39;})&#34;&gt;&#xA;            Anmelden&#xA;          &lt;/button&gt;&#xA;&#xA;          &lt;div class=&#34;aa-authlinks&#34; style=&#34;margin-top:14px; display:flex; gap:14px; flex-wrap:wrap&#34;&gt;&#xA;            &lt;a class=&#34;grey-text text-darken-2&#34; href=&#34;https://adeptusacademicus.infinityfree.me/site/register/&#34;&gt;Registrieren&lt;/a&gt;&#xA;            &lt;a class=&#34;grey-text text-darken-2&#34; href=&#34;https://adeptusacademicus.infinityfree.me/site/forgot-password/&#34;&gt;Passwort vergessen?&lt;/a&gt;&#xA;            &lt;a class=&#34;grey-text text-darken-2&#34; href=&#34;https://adeptusacademicus.infinityfree.me/site/kontakt/&#34;&gt;Hilfe / Kontakt&lt;/a&gt;&#xA;          &lt;/div&gt;&#xA;        &lt;/form&gt;&#xA;      &lt;/div&gt;&#xA;    &lt;/div&gt;&#xA;  &lt;/div&gt;&#xA;&#xA;  &lt;div class=&#34;col s12 m6&#34;&gt;&#xA;    &lt;div class=&#34;card aa-card&#34;&gt;&#xA;      &lt;div class=&#34;card-content&#34;&gt;&#xA;        &lt;span class=&#34;card-title aa-card__title&#34;&gt;&lt;i class=&#34;material-icons left&#34;&gt;info&lt;/i&gt;Hinweis&lt;/span&gt;&#xA;        &lt;p class=&#34;grey-text text-darken-2&#34;&gt;&#xA;          &#xA;            Für einen schnellen Time-to-Market kann Login zunächst entfallen (Leadgen via Kontakt/Workshop). Sobald Produktfeatures (Chat, Kalender, Dokumente) kommen, lohnt sich ein Auth-Layer.&#xA;          &#xA;        &lt;/p&gt;</description>
    </item>
    <item>
      <title>Passwort vergessen</title>
      <link>https://adeptusacademicus.infinityfree.me/site/forgot-password/</link>
      <pubDate>Mon, 01 Jan 0001 00:00:00 +0000</pubDate>
      <guid>https://adeptusacademicus.infinityfree.me/site/forgot-password/</guid>
      <description>&lt;div class=&#34;row&#34;&gt;&#xA;  &lt;div class=&#34;col s12 m7&#34;&gt;&#xA;    &lt;div class=&#34;card aa-card&#34;&gt;&#xA;      &lt;div class=&#34;card-content&#34;&gt;&#xA;        &lt;span class=&#34;card-title aa-card__title&#34;&gt;&lt;i class=&#34;material-icons left&#34;&gt;key&lt;/i&gt;Passwort zurücksetzen&lt;/span&gt;&#xA;        &lt;p class=&#34;grey-text text-darken-2&#34;&gt;&#xA;          &#xA;            Platzhalter: Später wird ein Reset-Link per E‑Mail versendet (Token-basiert).&#xA;          &#xA;        &lt;/p&gt;&#xA;&#xA;        &lt;form&gt;&#xA;          &lt;div class=&#34;row&#34;&gt;&#xA;            &lt;div class=&#34;input-field col s12&#34;&gt;&#xA;              &lt;input id=&#34;fp_email&#34; type=&#34;email&#34; required&gt;&#xA;              &lt;label for=&#34;fp_email&#34;&gt;E‑Mail&lt;/label&gt;&#xA;            &lt;/div&gt;&#xA;          &lt;/div&gt;&#xA;&#xA;          &lt;button class=&#34;btn aa-btn-primary&#34; type=&#34;button&#34; onclick=&#34;M.toast({html: &#39;Demo: Kein Reset-Backend konfiguriert.&#39;})&#34;&gt;&#xA;            Reset-Link anfordern&#xA;          &lt;/button&gt;&#xA;&#xA;          &lt;div class=&#34;aa-authlinks&#34; style=&#34;margin-top:14px; display:flex; gap:14px; flex-wrap:wrap&#34;&gt;&#xA;            &lt;a class=&#34;grey-text text-darken-2&#34; href=&#34;https://adeptusacademicus.infinityfree.me/site/login/&#34;&gt;Zum Login&lt;/a&gt;&#xA;            &lt;a class=&#34;grey-text text-darken-2&#34; href=&#34;https://adeptusacademicus.infinityfree.me/site/kontakt/&#34;&gt;Kontakt&lt;/a&gt;&#xA;          &lt;/div&gt;&#xA;        &lt;/form&gt;&#xA;      &lt;/div&gt;&#xA;    &lt;/div&gt;&#xA;  &lt;/div&gt;&#xA;&#xA;  &lt;div class=&#34;col s12 m5&#34;&gt;&#xA;    &lt;div class=&#34;card aa-card&#34;&gt;&#xA;      &lt;div class=&#34;card-content&#34;&gt;&#xA;        &lt;span class=&#34;card-title aa-card__title&#34;&gt;&lt;i class=&#34;material-icons left&#34;&gt;tips_and_updates&lt;/i&gt;Implementationshinweis&lt;/span&gt;&#xA;        &lt;p class=&#34;grey-text text-darken-2&#34; style=&#34;margin-bottom:0&#34;&gt;&#xA;          Für ein echtes Reset-Feature:&#xA;        &lt;/p&gt;&#xA;        &lt;ul class=&#34;aa-list&#34;&gt;&#xA;          &lt;li&gt;&lt;i class=&#34;material-icons&#34;&gt;check&lt;/i&gt;zeitlich begrenzte Tokens&lt;/li&gt;&#xA;          &lt;li&gt;&lt;i class=&#34;material-icons&#34;&gt;check&lt;/i&gt;Rate-Limits gegen Abuse&lt;/li&gt;&#xA;          &lt;li&gt;&lt;i class=&#34;material-icons&#34;&gt;check&lt;/i&gt;keine Auskunft, ob E‑Mail existiert&lt;/li&gt;&#xA;        &lt;/ul&gt;&#xA;      &lt;/div&gt;&#xA;    &lt;/div&gt;&#xA;  &lt;/div&gt;&#xA;&lt;/div&gt;</description>
    </item>
    <item>
      <title>Passwort vergessen</title>
      <link>https://adeptusacademicus.infinityfree.me/site/passwort-vergessen/</link>
      <pubDate>Mon, 01 Jan 0001 00:00:00 +0000</pubDate>
      <guid>https://adeptusacademicus.infinityfree.me/site/passwort-vergessen/</guid>
      <description>&lt;meta http-equiv=&#34;refresh&#34; content=&#34;0; url=https://adeptusacademicus.infinityfree.me/site/forgot-password/&#34;&gt;</description>
    </item>
    <item>
      <title>Preise</title>
      <link>https://adeptusacademicus.infinityfree.me/site/preise/</link>
      <pubDate>Mon, 01 Jan 0001 00:00:00 +0000</pubDate>
      <guid>https://adeptusacademicus.infinityfree.me/site/preise/</guid>
      <description></description>
    </item>
    <item>
      <title>Registrieren</title>
      <link>https://adeptusacademicus.infinityfree.me/site/register/</link>
      <pubDate>Mon, 01 Jan 0001 00:00:00 +0000</pubDate>
      <guid>https://adeptusacademicus.infinityfree.me/site/register/</guid>
      <description>&lt;div class=&#34;row&#34;&gt;&#xA;  &lt;div class=&#34;col s12 m6&#34;&gt;&#xA;    &lt;div class=&#34;card aa-card&#34;&gt;&#xA;      &lt;div class=&#34;card-content&#34;&gt;&#xA;        &lt;span class=&#34;card-title aa-card__title&#34;&gt;&lt;i class=&#34;material-icons left&#34;&gt;person_add&lt;/i&gt;Registrieren&lt;/span&gt;&#xA;        &lt;p class=&#34;grey-text text-darken-2&#34;&gt;&#xA;          &#xA;            Platzhalter für ein späteres Registrierungs-Feature.&#xA;          &#xA;        &lt;/p&gt;&#xA;&#xA;        &lt;form&gt;&#xA;          &lt;div class=&#34;row&#34;&gt;&#xA;            &lt;div class=&#34;input-field col s12&#34;&gt;&#xA;              &lt;input id=&#34;reg_name&#34; type=&#34;text&#34; required&gt;&#xA;              &lt;label for=&#34;reg_name&#34;&gt;Name&lt;/label&gt;&#xA;            &lt;/div&gt;&#xA;            &lt;div class=&#34;input-field col s12&#34;&gt;&#xA;              &lt;input id=&#34;reg_email&#34; type=&#34;email&#34; required&gt;&#xA;              &lt;label for=&#34;reg_email&#34;&gt;E‑Mail&lt;/label&gt;&#xA;            &lt;/div&gt;&#xA;            &lt;div class=&#34;input-field col s12&#34;&gt;&#xA;              &lt;input id=&#34;reg_password&#34; type=&#34;password&#34; required&gt;&#xA;              &lt;label for=&#34;reg_password&#34;&gt;Passwort&lt;/label&gt;&#xA;            &lt;/div&gt;&#xA;          &lt;/div&gt;&#xA;&#xA;          &lt;button class=&#34;btn aa-btn-primary&#34; type=&#34;button&#34; onclick=&#34;M.toast({html: &#39;Demo: Registrierung ist noch nicht angebunden.&#39;})&#34;&gt;&#xA;            Konto erstellen&#xA;          &lt;/button&gt;&#xA;&#xA;          &lt;div class=&#34;aa-authlinks&#34; style=&#34;margin-top:14px; display:flex; gap:14px; flex-wrap:wrap&#34;&gt;&#xA;            &lt;a class=&#34;grey-text text-darken-2&#34; href=&#34;https://adeptusacademicus.infinityfree.me/site/login/&#34;&gt;Zum Login&lt;/a&gt;&#xA;            &lt;a class=&#34;grey-text text-darken-2&#34; href=&#34;https://adeptusacademicus.infinityfree.me/site/kontakt/&#34;&gt;Kontakt&lt;/a&gt;&#xA;          &lt;/div&gt;&#xA;        &lt;/form&gt;&#xA;      &lt;/div&gt;&#xA;    &lt;/div&gt;&#xA;  &lt;/div&gt;&#xA;&#xA;  &lt;div class=&#34;col s12 m6&#34;&gt;&#xA;    &lt;div class=&#34;card aa-card&#34;&gt;&#xA;      &lt;div class=&#34;card-content&#34;&gt;&#xA;        &lt;span class=&#34;card-title aa-card__title&#34;&gt;&lt;i class=&#34;material-icons left&#34;&gt;shield&lt;/i&gt;Datenschutz&lt;/span&gt;&#xA;        &lt;p class=&#34;grey-text text-darken-2&#34;&gt;&#xA;          &#xA;            Sobald echte Konten eingeführt werden: Passwort-Policy, Consent, Logging, DSGVO-Infos und Datenminimierung sauber definieren.&#xA;          &#xA;        &lt;/p&gt;&#xA;      &lt;/div&gt;&#xA;    &lt;/div&gt;&#xA;  &lt;/div&gt;&#xA;&lt;/div&gt;</description>
    </item>
    <item>
      <title>Über uns</title>
      <link>https://adeptusacademicus.infinityfree.me/site/ueber-uns/</link>
      <pubDate>Mon, 01 Jan 0001 00:00:00 +0000</pubDate>
      <guid>https://adeptusacademicus.infinityfree.me/site/ueber-uns/</guid>
      <description>&lt;div class=&#34;aa-about&#34;&gt;&#xA;&#xA;  &lt;p class=&#34;aa-lead&#34; style=&#34;margin-top:6px&#34;&gt;&#xA;    Adeptus Academicus wurde aus der Leidenschaft für Wissenschaft und exzellentes Schreiben gegründet. Präzises wissenschaftliches Arbeiten ist essenziell: Eine klare Argumentation, saubere Methodik und überzeugende Strukturen bilden das Grundgerüst unserer technologisierten Gesellschaft.&#xA;  &lt;/p&gt;&#xA;&#xA;  &lt;p class=&#34;aa-lead&#34; style=&#34;margin-top:6px&#34;&gt;&#xA;    Deshalb begleiten wir Studierende, Promovierende und Forschende beim Verfassen wissenschaftlicher Arbeiten – von der ersten Idee bis zur finalen Fassung. Wir unterstützen bei Aufbau, Argumentationslogik, Sprache und wissenschaftlicher Sorgfalt – stets unter Wahrung der akademischen Eigenleistung. Adeptus Academicus verbindet fachliche Tiefe mit individueller Betreuung. Unser Anspruch ist es, wissenschaftliche Qualität sichtbar zu machen und Menschen zu befähigen, ihre Gedanken klar, korrekt und selbstbewusst zu Papier zu bringen.&#xA;  &lt;/p&gt;</description>
    </item>
    <item>
      <title>Videoplattform</title>
      <link>https://adeptusacademicus.infinityfree.me/site/angebot/videoplattform/</link>
      <pubDate>Mon, 01 Jan 0001 00:00:00 +0000</pubDate>
      <guid>https://adeptusacademicus.infinityfree.me/site/angebot/videoplattform/</guid>
      <description>&lt;h3 id=&#34;entwickelt-mit-experten&#34;&gt;Entwickelt mit Experten&lt;/h3&gt;&#xA;&#xA;&#xA;&#xA;&#xA;&#xA;&lt;div class=&#34;card-panel aa-cta-inline z-depth-1&#34;&gt;&#xA;  &lt;div class=&#34;row&#34; style=&#34;margin-bottom:0&#34;&gt;&#xA;    &lt;div class=&#34;col s12 m8&#34;&gt;&#xA;      &lt;div class=&#34;aa-cta-inline__title&#34;&gt;Erfahren Sie mehr zu unserem Konzept&lt;/div&gt;&#xA;      &lt;div class=&#34;grey-text text-darken-2&#34;&gt;Unsere Videoplattform, entwickelt mit Experten&lt;/div&gt;&#xA;    &lt;/div&gt;&#xA;    &lt;div class=&#34;col s12 m4 aa-cta-inline__btn&#34;&gt;&#xA;      &lt;a class=&#34;btn aa-btn-primary right&#34; href=&#34;https://adeptusacademicus.infinityfree.me/site/ueber-uns/&#34;&gt;Erfahre mehr&lt;/a&gt;&#xA;    &lt;/div&gt;&#xA;  &lt;/div&gt;&#xA;&lt;/div&gt;</description>
    </item>
    <item>
      <title>Wissenschaftliches Lektorat</title>
      <link>https://adeptusacademicus.infinityfree.me/site/angebot/wissenschaftliches-lektorat/</link>
      <pubDate>Mon, 01 Jan 0001 00:00:00 +0000</pubDate>
      <guid>https://adeptusacademicus.infinityfree.me/site/angebot/wissenschaftliches-lektorat/</guid>
      <description>&lt;h2 id=&#34;für-wen-geeignet&#34;&gt;Für wen geeignet?&lt;/h2&gt;&#xA;&lt;p&gt;Für Texte, die fachlich stimmen, aber sprachlich, in der Struktur oder im Argumentationsfluss verbessert werden sollen.&lt;/p&gt;&#xA;&#xA;&#xA;&#xA;&#xA;&#xA;&lt;div class=&#34;card-panel aa-cta-inline z-depth-1&#34;&gt;&#xA;  &lt;div class=&#34;row&#34; style=&#34;margin-bottom:0&#34;&gt;&#xA;    &lt;div class=&#34;col s12 m8&#34;&gt;&#xA;      &lt;div class=&#34;aa-cta-inline__title&#34;&gt;Lektorat anfragen&lt;/div&gt;&#xA;      &lt;div class=&#34;grey-text text-darken-2&#34;&gt;Senden Sie eine Beispielseite (1–2 Seiten) und Ihre Vorgaben – wir antworten mit einem Vorschlag.&lt;/div&gt;&#xA;    &lt;/div&gt;&#xA;    &lt;div class=&#34;col s12 m4 aa-cta-inline__btn&#34;&gt;&#xA;      &lt;a class=&#34;btn aa-btn-primary right&#34; href=&#34;https://adeptusacademicus.infinityfree.me/site/kontakt/&#34;&gt;Kontakt&lt;/a&gt;&#xA;    &lt;/div&gt;&#xA;  &lt;/div&gt;&#xA;&lt;/div&gt;</description>
    </item>
  </channel>
</rss>
