<?xml version="1.0" encoding="utf-8" standalone="yes"?>
<rss version="2.0" xmlns:atom="http://www.w3.org/2005/Atom">
  <channel>
    <title>Home on Adeptus Academicus</title>
    <link>https://adeptusacademicus.infinityfree.me/site/en/</link>
    <description>Recent content in Home on Adeptus Academicus</description>
    <generator>Hugo</generator>
    <language>en-US</language>
    <atom:link href="https://adeptusacademicus.infinityfree.me/site/en/index.xml" rel="self" type="application/rss+xml" />
    <item>
      <title>1-Day Thesis Workshop</title>
      <link>https://adeptusacademicus.infinityfree.me/site/en/angebot/workshop/</link>
      <pubDate>Mon, 01 Jan 0001 00:00:00 +0000</pubDate>
      <guid>https://adeptusacademicus.infinityfree.me/site/en/angebot/workshop/</guid>
      <description>&lt;h2 id=&#34;what-is-it-about&#34;&gt;What is it about?&lt;/h2&gt;&#xA;&lt;p&gt;A compact 1-day workshop that covers the &lt;strong&gt;essential basics&lt;/strong&gt; for a successful thesis and applies them directly to your topic—from a clear research question and a solid outline to methodology, citation logic, academic style, and workflow organization. By the end of the day, you will have &lt;strong&gt;clear next steps&lt;/strong&gt; and a realistic plan to enter the writing phase with confidence.&lt;/p&gt;&#xA;&lt;blockquote&gt;&#xA;&lt;p&gt;Preisvorschlag.&lt;/p&gt;&#xA;&lt;/blockquote&gt;&#xA;&#xA;&#xA;&#xA;&#xA;&#xA;&lt;div class=&#34;card-panel aa-cta-inline z-depth-1&#34;&gt;&#xA;  &lt;div class=&#34;row&#34; style=&#34;margin-bottom:0&#34;&gt;&#xA;    &lt;div class=&#34;col s12 m8&#34;&gt;&#xA;      &lt;div class=&#34;aa-cta-inline__title&#34;&gt;Request a workshop&lt;/div&gt;&#xA;      &lt;div class=&#34;grey-text text-darken-2&#34;&gt;Share your topic, field, and deadline—we’ll propose suitable dates and a clear agenda.&lt;/div&gt;&#xA;    &lt;/div&gt;&#xA;    &lt;div class=&#34;col s12 m4 aa-cta-inline__btn&#34;&gt;&#xA;      &lt;a class=&#34;btn aa-btn-primary right&#34; href=&#34;https://adeptusacademicus.infinityfree.me/site/en/kontakt/&#34;&gt;Contact&lt;/a&gt;&#xA;    &lt;/div&gt;&#xA;  &lt;/div&gt;&#xA;&lt;/div&gt;</description>
    </item>
    <item>
      <title>About</title>
      <link>https://adeptusacademicus.infinityfree.me/site/en/about/</link>
      <pubDate>Mon, 01 Jan 0001 00:00:00 +0000</pubDate>
      <guid>https://adeptusacademicus.infinityfree.me/site/en/about/</guid>
      <description>&lt;div class=&#34;aa-about&#34;&gt;&#xA;&#xA;  &lt;p class=&#34;aa-lead&#34; style=&#34;margin-top:6px&#34;&gt;&#xA;    Adeptus Academicus was founded out of a passion for science and excellent writing. Precise academic work is essential: clear reasoning, sound methods, and convincing structures form the backbone of a knowledge-based society.&#xA;  &lt;/p&gt;&#xA;&#xA;  &lt;p class=&#34;aa-lead&#34; style=&#34;margin-top:6px&#34;&gt;&#xA;    That is why we support students, doctoral candidates, and researchers throughout the writing process—from the first idea to the final version. We help with structure, line of reasoning, language, and academic rigor—while always respecting your own academic contribution. Adeptus Academicus combines depth of expertise with individual guidance. Our goal is to make scholarly quality visible and to enable people to put their thoughts on paper clearly, correctly, and confidently.&#xA;  &lt;/p&gt;</description>
    </item>
    <item>
      <title>Academic Editing</title>
      <link>https://adeptusacademicus.infinityfree.me/site/en/angebot/wissenschaftliches-lektorat/</link>
      <pubDate>Mon, 01 Jan 0001 00:00:00 +0000</pubDate>
      <guid>https://adeptusacademicus.infinityfree.me/site/en/angebot/wissenschaftliches-lektorat/</guid>
      <description>&lt;h2 id=&#34;who-its-for&#34;&gt;Who it’s for&lt;/h2&gt;&#xA;&lt;p&gt;For manuscripts that are technically correct, but need better clarity, structure, and flow.&lt;/p&gt;&#xA;&#xA;&#xA;&#xA;&#xA;&#xA;&lt;div class=&#34;card-panel aa-cta-inline z-depth-1&#34;&gt;&#xA;  &lt;div class=&#34;row&#34; style=&#34;margin-bottom:0&#34;&gt;&#xA;    &lt;div class=&#34;col s12 m8&#34;&gt;&#xA;      &lt;div class=&#34;aa-cta-inline__title&#34;&gt;Request editing&lt;/div&gt;&#xA;      &lt;div class=&#34;grey-text text-darken-2&#34;&gt;Send 1–2 sample pages and your guidelines—we’ll reply with a proposal.&lt;/div&gt;&#xA;    &lt;/div&gt;&#xA;    &lt;div class=&#34;col s12 m4 aa-cta-inline__btn&#34;&gt;&#xA;      &lt;a class=&#34;btn aa-btn-primary right&#34; href=&#34;https://adeptusacademicus.infinityfree.me/site/en/kontakt/&#34;&gt;Contact&lt;/a&gt;&#xA;    &lt;/div&gt;&#xA;  &lt;/div&gt;&#xA;&lt;/div&gt;</description>
    </item>
    <item>
      <title>AI note: responsible use</title>
      <link>https://adeptusacademicus.infinityfree.me/site/en/ki-hinweis/</link>
      <pubDate>Mon, 01 Jan 0001 00:00:00 +0000</pubDate>
      <guid>https://adeptusacademicus.infinityfree.me/site/en/ki-hinweis/</guid>
      <description>&lt;h2 id=&#34;ai-can-helpbut-it-comes-with-risks&#34;&gt;AI can help—but it comes with risks&lt;/h2&gt;&#xA;&lt;p&gt;Tools like ChatGPT can assist with brainstorming, outlining, and wording. It becomes risky when AI is used uncritically to generate claims, invent sources, or is used in assessment contexts where disclosure is required.&lt;/p&gt;&#xA;&lt;h3 id=&#34;common-risks&#34;&gt;Common risks&lt;/h3&gt;&#xA;&lt;ul&gt;&#xA;&lt;li&gt;&lt;strong&gt;Hallucinations&lt;/strong&gt; (plausible but incorrect facts)&lt;/li&gt;&#xA;&lt;li&gt;&lt;strong&gt;Fake references&lt;/strong&gt; (invented citations/DOIs)&lt;/li&gt;&#xA;&lt;li&gt;&lt;strong&gt;Plagiarism &amp;amp; policy risks&lt;/strong&gt; (unclear authorship)&lt;/li&gt;&#xA;&lt;li&gt;&lt;strong&gt;Loss of voice&lt;/strong&gt; (generic tone)&lt;/li&gt;&#xA;&lt;/ul&gt;&#xA;&lt;h2 id=&#34;our-approach&#34;&gt;Our approach&lt;/h2&gt;&#xA;&lt;p&gt;We help you use AI as a tool—while human experience, common sense, and empathy ensure quality and safety.&lt;/p&gt;</description>
    </item>
    <item>
      <title>Become a tutor</title>
      <link>https://adeptusacademicus.infinityfree.me/site/en/betreuer/</link>
      <pubDate>Mon, 01 Jan 0001 00:00:00 +0000</pubDate>
      <guid>https://adeptusacademicus.infinityfree.me/site/en/betreuer/</guid>
      <description></description>
    </item>
    <item>
      <title>Contact</title>
      <link>https://adeptusacademicus.infinityfree.me/site/en/kontakt/</link>
      <pubDate>Mon, 01 Jan 0001 00:00:00 +0000</pubDate>
      <guid>https://adeptusacademicus.infinityfree.me/site/en/kontakt/</guid>
      <description>&lt;p class=&#34;grey-text text-darken-2&#34; style=&#34;margin-top:0&#34;&gt;&#xA;  Our team will be happy to answer all your questions.&#xA;&lt;/p&gt;&#xA;&#xA;&lt;div class=&#34;row aa-contact-row&#34;&gt;&#xA;&#xA;  &lt;!-- 1 --&gt;&#xA;  &lt;div class=&#34;col s12 m6 l3&#34;&gt;&#xA;    &lt;div class=&#34;card aa-card&#34;&gt;&#xA;      &lt;div class=&#34;card-content&#34;&gt;&#xA;        &lt;span class=&#34;card-title aa-card__title&#34;&gt;&#xA;          &lt;i class=&#34;material-icons left&#34;&gt;mail&lt;/i&gt;Email&#xA;        &lt;/span&gt;&#xA;&#xA;        &lt;p class=&#34;grey-text text-darken-2&#34; style=&#34;margin-top:0&#34;&gt;&#xA;          The fastest option. Send us a short message with the key details.&#xA;        &lt;/p&gt;&#xA;&#xA;        &lt;ul class=&#34;aa-list&#34;&gt;&#xA;          &lt;li&gt;&#xA;            &lt;i class=&#34;material-icons&#34;&gt;check&lt;/i&gt;&#xA;            &lt;span class=&#34;aa-list__text&#34;&gt;&#xA;              &lt;strong&gt;Email:&lt;/strong&gt; &lt;a href=&#34;mailto:hello@example.com&#34;&gt;hello@example.com&lt;/a&gt;&#xA;            &lt;/span&gt;&#xA;          &lt;/li&gt;&#xA;          &lt;li&gt;&#xA;            &lt;i class=&#34;material-icons&#34;&gt;check&lt;/i&gt;&#xA;            &lt;span class=&#34;aa-list__text&#34;&gt;&#xA;              &lt;strong&gt;Response time:&lt;/strong&gt; usually within 24 hours (business days)&#xA;            &lt;/span&gt;&#xA;          &lt;/li&gt;&#xA;        &lt;/ul&gt;&#xA;      &lt;/div&gt;&#xA;&#xA;      &lt;div class=&#34;card-action&#34;&gt;&#xA;        &lt;a class=&#34;btn aa-btn-primary&#34; href=&#34;mailto:hello@example.com&#34;&gt;Write an email&lt;/a&gt;&#xA;      &lt;/div&gt;&#xA;    &lt;/div&gt;&#xA;  &lt;/div&gt;&#xA;&#xA;  &lt;!-- 2 --&gt;&#xA;  &lt;div class=&#34;col s12 m6 l3&#34;&gt;&#xA;    &lt;div class=&#34;card aa-card&#34;&gt;&#xA;      &lt;div class=&#34;card-content&#34;&gt;&#xA;        &lt;span class=&#34;card-title aa-card__title&#34;&gt;&#xA;          &lt;i class=&#34;material-icons left&#34;&gt;call&lt;/i&gt;WhatsApp &amp;amp; Phone&#xA;        &lt;/span&gt;&#xA;&#xA;        &lt;p class=&#34;grey-text text-darken-2&#34; style=&#34;margin-top:0&#34;&gt;&#xA;          If email is inconvenient, message us on WhatsApp or call during office hours.&#xA;        &lt;/p&gt;</description>
    </item>
    <item>
      <title>Forgot password</title>
      <link>https://adeptusacademicus.infinityfree.me/site/en/forgot-password/</link>
      <pubDate>Mon, 01 Jan 0001 00:00:00 +0000</pubDate>
      <guid>https://adeptusacademicus.infinityfree.me/site/en/forgot-password/</guid>
      <description>&lt;div class=&#34;row&#34;&gt;&#xA;  &lt;div class=&#34;col s12 m7&#34;&gt;&#xA;    &lt;div class=&#34;card aa-card&#34;&gt;&#xA;      &lt;div class=&#34;card-content&#34;&gt;&#xA;        &lt;span class=&#34;card-title aa-card__title&#34;&gt;&lt;i class=&#34;material-icons left&#34;&gt;key&lt;/i&gt;Password reset&lt;/span&gt;&#xA;        &lt;p class=&#34;grey-text text-darken-2&#34;&gt;&#xA;          &#xA;            Placeholder: later this will send a reset link via email (token-based).&#xA;          &#xA;        &lt;/p&gt;&#xA;&#xA;        &lt;form&gt;&#xA;          &lt;div class=&#34;row&#34;&gt;&#xA;            &lt;div class=&#34;input-field col s12&#34;&gt;&#xA;              &lt;input id=&#34;fp_email&#34; type=&#34;email&#34; required&gt;&#xA;              &lt;label for=&#34;fp_email&#34;&gt;Email&lt;/label&gt;&#xA;            &lt;/div&gt;&#xA;          &lt;/div&gt;&#xA;&#xA;          &lt;button class=&#34;btn aa-btn-primary&#34; type=&#34;button&#34; onclick=&#34;M.toast({html: &#39;Demo: No reset backend configured.&#39;})&#34;&gt;&#xA;            Request reset link&#xA;          &lt;/button&gt;&#xA;&#xA;          &lt;div class=&#34;aa-authlinks&#34; style=&#34;margin-top:14px; display:flex; gap:14px; flex-wrap:wrap&#34;&gt;&#xA;            &lt;a class=&#34;grey-text text-darken-2&#34; href=&#34;https://adeptusacademicus.infinityfree.me/site/en/login/&#34;&gt;Back to login&lt;/a&gt;&#xA;            &lt;a class=&#34;grey-text text-darken-2&#34; href=&#34;https://adeptusacademicus.infinityfree.me/site/en/kontakt/&#34;&gt;Contact&lt;/a&gt;&#xA;          &lt;/div&gt;&#xA;        &lt;/form&gt;&#xA;      &lt;/div&gt;&#xA;    &lt;/div&gt;&#xA;  &lt;/div&gt;&#xA;&#xA;  &lt;div class=&#34;col s12 m5&#34;&gt;&#xA;    &lt;div class=&#34;card aa-card&#34;&gt;&#xA;      &lt;div class=&#34;card-content&#34;&gt;&#xA;        &lt;span class=&#34;card-title aa-card__title&#34;&gt;&lt;i class=&#34;material-icons left&#34;&gt;tips_and_updates&lt;/i&gt;Implementation note&lt;/span&gt;&#xA;        &lt;p class=&#34;grey-text text-darken-2&#34; style=&#34;margin-bottom:0&#34;&gt;&#xA;          For a real reset flow:&#xA;        &lt;/p&gt;&#xA;        &lt;ul class=&#34;aa-list&#34;&gt;&#xA;          &lt;li&gt;&lt;i class=&#34;material-icons&#34;&gt;check&lt;/i&gt;time-limited tokens&lt;/li&gt;&#xA;          &lt;li&gt;&lt;i class=&#34;material-icons&#34;&gt;check&lt;/i&gt;rate-limiting&lt;/li&gt;&#xA;          &lt;li&gt;&lt;i class=&#34;material-icons&#34;&gt;check&lt;/i&gt;don’t disclose account existence&lt;/li&gt;&#xA;        &lt;/ul&gt;&#xA;      &lt;/div&gt;&#xA;    &lt;/div&gt;&#xA;  &lt;/div&gt;&#xA;&lt;/div&gt;</description>
    </item>
    <item>
      <title>Individual Coaching</title>
      <link>https://adeptusacademicus.infinityfree.me/site/en/angebot/statistik-beratung/</link>
      <pubDate>Mon, 01 Jan 0001 00:00:00 +0000</pubDate>
      <guid>https://adeptusacademicus.infinityfree.me/site/en/angebot/statistik-beratung/</guid>
      <description>&lt;h2 id=&#34;typical-questions&#34;&gt;Typical Questions&lt;/h2&gt;&#xA;&lt;p&gt;How do I turn my argument into a clear, convincing structure?&lt;br&gt;&#xA;How do I write precisely and academically without making the text unnecessarily complex?&lt;br&gt;&#xA;How do I plan the writing process so I can meet my deadline?&lt;/p&gt;&#xA;&#xA;&#xA;&#xA;&#xA;&#xA;&lt;div class=&#34;card-panel aa-cta-inline z-depth-1&#34;&gt;&#xA;  &lt;div class=&#34;row&#34; style=&#34;margin-bottom:0&#34;&gt;&#xA;    &lt;div class=&#34;col s12 m8&#34;&gt;&#xA;      &lt;div class=&#34;aa-cta-inline__title&#34;&gt;Book a consultation&lt;/div&gt;&#xA;      &lt;div class=&#34;grey-text text-darken-2&#34;&gt;Describe your topic, target audience, and current stage—we’ll help you sharpen your argument and structure and plan your writing process in a clear, manageable way.&lt;/div&gt;&#xA;    &lt;/div&gt;&#xA;    &lt;div class=&#34;col s12 m4 aa-cta-inline__btn&#34;&gt;&#xA;      &lt;a class=&#34;btn aa-btn-primary right&#34; href=&#34;https://adeptusacademicus.infinityfree.me/site/en/kontakt/&#34;&gt;Contact&lt;/a&gt;&#xA;    &lt;/div&gt;&#xA;  &lt;/div&gt;&#xA;&lt;/div&gt;</description>
    </item>
    <item>
      <title>Legal Notice</title>
      <link>https://adeptusacademicus.infinityfree.me/site/en/impressum/</link>
      <pubDate>Mon, 01 Jan 0001 00:00:00 +0000</pubDate>
      <guid>https://adeptusacademicus.infinityfree.me/site/en/impressum/</guid>
      <description>&lt;p&gt;&lt;strong&gt;Adeptus Academicus&lt;/strong&gt;&lt;br&gt;&#xA;Musterstraße 1&lt;br&gt;&#xA;10115 Berlin&lt;/p&gt;&#xA;&lt;p&gt;Email: &lt;a href=&#34;mailto:hello@example.com&#34;&gt;hello@example.com&lt;/a&gt;&lt;/p&gt;</description>
    </item>
    <item>
      <title>Login</title>
      <link>https://adeptusacademicus.infinityfree.me/site/en/login/</link>
      <pubDate>Mon, 01 Jan 0001 00:00:00 +0000</pubDate>
      <guid>https://adeptusacademicus.infinityfree.me/site/en/login/</guid>
      <description>&lt;div class=&#34;row&#34;&gt;&#xA;  &lt;div class=&#34;col s12 m6&#34;&gt;&#xA;    &lt;div class=&#34;card aa-card&#34;&gt;&#xA;      &lt;div class=&#34;card-content&#34;&gt;&#xA;        &lt;span class=&#34;card-title aa-card__title&#34;&gt;&lt;i class=&#34;material-icons left&#34;&gt;lock&lt;/i&gt;Login&lt;/span&gt;&#xA;        &lt;p class=&#34;grey-text text-darken-2&#34;&gt;&#xA;          &#xA;            This page is currently a &lt;strong&gt;static demo&lt;/strong&gt;. You can later connect real authentication (e.g., Auth0, Firebase, Keycloak).&#xA;          &#xA;        &lt;/p&gt;&#xA;&#xA;        &lt;form&gt;&#xA;          &lt;div class=&#34;row&#34;&gt;&#xA;            &lt;div class=&#34;input-field col s12&#34;&gt;&#xA;              &lt;input id=&#34;login_email&#34; type=&#34;email&#34; required&gt;&#xA;              &lt;label for=&#34;login_email&#34;&gt;Email&lt;/label&gt;&#xA;            &lt;/div&gt;&#xA;            &lt;div class=&#34;input-field col s12&#34;&gt;&#xA;              &lt;input id=&#34;login_password&#34; type=&#34;password&#34; required&gt;&#xA;              &lt;label for=&#34;login_password&#34;&gt;Password&lt;/label&gt;&#xA;            &lt;/div&gt;&#xA;          &lt;/div&gt;&#xA;&#xA;          &lt;button class=&#34;btn aa-btn-primary&#34; type=&#34;button&#34; onclick=&#34;M.toast({html: &#39;Demo: No real authentication configured.&#39;})&#34;&gt;&#xA;            Sign in&#xA;          &lt;/button&gt;&#xA;&#xA;          &lt;div class=&#34;aa-authlinks&#34; style=&#34;margin-top:14px; display:flex; gap:14px; flex-wrap:wrap&#34;&gt;&#xA;            &lt;a class=&#34;grey-text text-darken-2&#34; href=&#34;https://adeptusacademicus.infinityfree.me/site/en/register/&#34;&gt;Create account&lt;/a&gt;&#xA;            &lt;a class=&#34;grey-text text-darken-2&#34; href=&#34;https://adeptusacademicus.infinityfree.me/site/en/forgot-password/&#34;&gt;Forgot password?&lt;/a&gt;&#xA;            &lt;a class=&#34;grey-text text-darken-2&#34; href=&#34;https://adeptusacademicus.infinityfree.me/site/en/kontakt/&#34;&gt;Help / contact&lt;/a&gt;&#xA;          &lt;/div&gt;&#xA;        &lt;/form&gt;&#xA;      &lt;/div&gt;&#xA;    &lt;/div&gt;&#xA;  &lt;/div&gt;&#xA;&#xA;  &lt;div class=&#34;col s12 m6&#34;&gt;&#xA;    &lt;div class=&#34;card aa-card&#34;&gt;&#xA;      &lt;div class=&#34;card-content&#34;&gt;&#xA;        &lt;span class=&#34;card-title aa-card__title&#34;&gt;&lt;i class=&#34;material-icons left&#34;&gt;info&lt;/i&gt;Note&lt;/span&gt;&#xA;        &lt;p class=&#34;grey-text text-darken-2&#34;&gt;&#xA;          &#xA;            For fast time-to-market you can stay lead-gen only (contact/workshop). Once product features (chat, calendar, documents) arrive, an auth layer becomes worthwhile.&#xA;          &#xA;        &lt;/p&gt;</description>
    </item>
    <item>
      <title>Prices</title>
      <link>https://adeptusacademicus.infinityfree.me/site/en/prices/</link>
      <pubDate>Mon, 01 Jan 0001 00:00:00 +0000</pubDate>
      <guid>https://adeptusacademicus.infinityfree.me/site/en/prices/</guid>
      <description></description>
    </item>
    <item>
      <title>Privacy</title>
      <link>https://adeptusacademicus.infinityfree.me/site/en/datenschutz/</link>
      <pubDate>Mon, 01 Jan 0001 00:00:00 +0000</pubDate>
      <guid>https://adeptusacademicus.infinityfree.me/site/en/datenschutz/</guid>
      <description>&lt;p&gt;Placeholder: add your privacy policy here.&lt;/p&gt;</description>
    </item>
    <item>
      <title>Register</title>
      <link>https://adeptusacademicus.infinityfree.me/site/en/register/</link>
      <pubDate>Mon, 01 Jan 0001 00:00:00 +0000</pubDate>
      <guid>https://adeptusacademicus.infinityfree.me/site/en/register/</guid>
      <description>&lt;div class=&#34;row&#34;&gt;&#xA;  &lt;div class=&#34;col s12 m6&#34;&gt;&#xA;    &lt;div class=&#34;card aa-card&#34;&gt;&#xA;      &lt;div class=&#34;card-content&#34;&gt;&#xA;        &lt;span class=&#34;card-title aa-card__title&#34;&gt;&lt;i class=&#34;material-icons left&#34;&gt;person_add&lt;/i&gt;Register&lt;/span&gt;&#xA;        &lt;p class=&#34;grey-text text-darken-2&#34;&gt;&#xA;          &#xA;            Placeholder for a future sign-up feature.&#xA;          &#xA;        &lt;/p&gt;&#xA;&#xA;        &lt;form&gt;&#xA;          &lt;div class=&#34;row&#34;&gt;&#xA;            &lt;div class=&#34;input-field col s12&#34;&gt;&#xA;              &lt;input id=&#34;reg_name&#34; type=&#34;text&#34; required&gt;&#xA;              &lt;label for=&#34;reg_name&#34;&gt;Name&lt;/label&gt;&#xA;            &lt;/div&gt;&#xA;            &lt;div class=&#34;input-field col s12&#34;&gt;&#xA;              &lt;input id=&#34;reg_email&#34; type=&#34;email&#34; required&gt;&#xA;              &lt;label for=&#34;reg_email&#34;&gt;Email&lt;/label&gt;&#xA;            &lt;/div&gt;&#xA;            &lt;div class=&#34;input-field col s12&#34;&gt;&#xA;              &lt;input id=&#34;reg_password&#34; type=&#34;password&#34; required&gt;&#xA;              &lt;label for=&#34;reg_password&#34;&gt;Password&lt;/label&gt;&#xA;            &lt;/div&gt;&#xA;          &lt;/div&gt;&#xA;&#xA;          &lt;button class=&#34;btn aa-btn-primary&#34; type=&#34;button&#34; onclick=&#34;M.toast({html: &#39;Demo: Registration is not connected yet.&#39;})&#34;&gt;&#xA;            Create account&#xA;          &lt;/button&gt;&#xA;&#xA;          &lt;div class=&#34;aa-authlinks&#34; style=&#34;margin-top:14px; display:flex; gap:14px; flex-wrap:wrap&#34;&gt;&#xA;            &lt;a class=&#34;grey-text text-darken-2&#34; href=&#34;https://adeptusacademicus.infinityfree.me/site/en/login/&#34;&gt;Back to login&lt;/a&gt;&#xA;            &lt;a class=&#34;grey-text text-darken-2&#34; href=&#34;https://adeptusacademicus.infinityfree.me/site/en/kontakt/&#34;&gt;Contact&lt;/a&gt;&#xA;          &lt;/div&gt;&#xA;        &lt;/form&gt;&#xA;      &lt;/div&gt;&#xA;    &lt;/div&gt;&#xA;  &lt;/div&gt;&#xA;&#xA;  &lt;div class=&#34;col s12 m6&#34;&gt;&#xA;    &lt;div class=&#34;card aa-card&#34;&gt;&#xA;      &lt;div class=&#34;card-content&#34;&gt;&#xA;        &lt;span class=&#34;card-title aa-card__title&#34;&gt;&lt;i class=&#34;material-icons left&#34;&gt;shield&lt;/i&gt;Privacy&lt;/span&gt;&#xA;        &lt;p class=&#34;grey-text text-darken-2&#34;&gt;&#xA;          &#xA;            Once real accounts are introduced: define password policy, consent, logging, and privacy/data-minimization properly.&#xA;          &#xA;        &lt;/p&gt;&#xA;      &lt;/div&gt;&#xA;    &lt;/div&gt;&#xA;  &lt;/div&gt;&#xA;&lt;/div&gt;</description>
    </item>
    <item>
      <title>Video Platform</title>
      <link>https://adeptusacademicus.infinityfree.me/site/en/angebot/videoplattform/</link>
      <pubDate>Mon, 01 Jan 0001 00:00:00 +0000</pubDate>
      <guid>https://adeptusacademicus.infinityfree.me/site/en/angebot/videoplattform/</guid>
      <description>&lt;h3 id=&#34;developed-with-experts&#34;&gt;Developed with experts&lt;/h3&gt;&#xA;&#xA;&#xA;&#xA;&#xA;&#xA;&lt;div class=&#34;card-panel aa-cta-inline z-depth-1&#34;&gt;&#xA;  &lt;div class=&#34;row&#34; style=&#34;margin-bottom:0&#34;&gt;&#xA;    &lt;div class=&#34;col s12 m8&#34;&gt;&#xA;      &lt;div class=&#34;aa-cta-inline__title&#34;&gt;Learn more about our concept&lt;/div&gt;&#xA;      &lt;div class=&#34;grey-text text-darken-2&#34;&gt;Our video platform, developed with experts&lt;/div&gt;&#xA;    &lt;/div&gt;&#xA;    &lt;div class=&#34;col s12 m4 aa-cta-inline__btn&#34;&gt;&#xA;      &lt;a class=&#34;btn aa-btn-primary right&#34; href=&#34;https://adeptusacademicus.infinityfree.me/site/en/ueber-uns/&#34;&gt;Learn more&lt;/a&gt;&#xA;    &lt;/div&gt;&#xA;  &lt;/div&gt;&#xA;&lt;/div&gt;</description>
    </item>
  </channel>
</rss>
