<?xml version="1.0" encoding="utf-8" standalone="yes"?>
<rss version="2.0" xmlns:atom="http://www.w3.org/2005/Atom">
  <channel>
    <title>Categories on Adeptus Academicus</title>
    <link>https://adeptusacademicus.infinityfree.me/site/categories/</link>
    <description>Recent content in Categories on Adeptus Academicus</description>
    <generator>Hugo</generator>
    <language>de-DE</language>
    <atom:link href="https://adeptusacademicus.infinityfree.me/site/categories/index.xml" rel="self" type="application/rss+xml" />
  </channel>
</rss>
